﻿Designator,Footprint,Quantity,Value,LCSC Part #
"C1, C10, C11, C12, C2, C24, C4, C5, C6, C7, C8",0603,11,100n,
"C13, C14, C15, C16, C17, C18, C20, C21, C22, C23, C3, C9",0603,12,20n,
C19,CP_Radial_D5.0mm_P2.00mm,1,100µF,
C25,0603,1,47n,
"D1, D10, D11, D12, D13, D14, D15, D16, D17, D2, D3, D4, D5, D6, D7, D8, D9",0805,17,LED,
J1,IDC-Header_2x05_P2.54mm_Vertical,1,Conn_02x05_Odd_Even,
J2,PinHeader_2x12_P2.54mm_Horizontal,1,Conn_02x12_Counter_Clockwise,
J3,BarrelJack_Horizontal,1,Barrel_Jack_Switch_Pin3Ring,
"R1, R2, R3, R30, R31, R32, R33, R4, R43, R46, R49, R5, R51, R52, R53, R54, R55, R56, R57, R58, R59, R62, R63, R65, R66, R67, R71, R72, R73, R74, R75, R76, R77, R82, R83, R84, R85, R86, R87, R88, R89",0603,41,10K,
"R10, R11, R12, R13, R14, R15, R16, R17, R18, R19, R20, R21, R22, R23, R24, R25, R26, R27, R28, R29, R34, R35, R36, R37, R38, R39, R40, R41, R6, R7, R8, R9",0603,32,470,
"R42, R44, R45, R47, R48, R50, R60, R61, R64, R68, R69, R70, R78, R79, R80, R81",0603,16,1K,
"SW1, SW2, SW3, SW4",SW_PUSH-12mm,4,SW_Push_Dual,
"SW10, SW11, SW12, SW13, SW5, SW6, SW7, SW8",SW_Slide_SPDT_Straight_12.8mm_6.9mm,8,SW_Wuerth_450301014042,
SW9,SW_Push_2P2T_Toggle_CK_PVA2OAH5xxxxxxV2,1,SW_Push_DPDT,
"U1, U2, U3, U4",D1X8K,4,D168K,
U5,TQFP-100_14x14mm_P0.5mm,1,EPM240T100,
U6,SOT-223-3_TabPin2,1,AMS1117-3.3,
X1,Oscillator_SMD_EuroQuartz_XO53-4Pin_5.0x3.2mm_HandSoldering,1,50.000,
X2,Oscillator_SMD_EuroQuartz_XO53-4Pin_5.0x3.2mm_HandSoldering,1,14.756,
